<profile version="1.0">
  <option name="myName" value="Default" />
  <inspection_tool class="PyPep8Inspection" enabled="true" level="WEAK WARNING" enabled_by_default="true">
    <option name="ignoredErrors">
      <list>
        <option value="W292" />
        <option value="E501" />
        <option value="E266" />
        <option value="E225" />
        <option value="E231" />
        <option value="E302" />
        <option value="E303" />
      </list>
    </option>
  </inspection_tool>
  <inspection_tool class="PyPep8NamingInspection" enabled="true" level="WEAK WARNING" enabled_by_default="true">
    <option name="ignoredErrors">
      <list>
        <option value="N801" />
        <option value="N806" />
        <option value="N802" />
        <option value="N803" />
      </list>
    </option>
  </inspection_tool>
</profile>