<application>
  <component name="ProjectJdkTable">
    <jdk version="2">
      <name value="11" />
      <type value="JavaSDK" />
      <version value="java version &quot;11.0.3&quot;" />
      <homePath value="$APPLICATION_HOME_DIR$/jbr" />
      <roots>
        <annotationsPath>
          <root type="composite">
            <root url="jar://$APPLICATION_HOME_DIR$/plugins/java/lib/jdkAnnotations.jar!/" type="simple" />
          </root>
        </annotationsPath>
        <classPath>
          <root type="composite">
            <root url="jrt://G:/IntelliJ IDEA 2019.2.1/jbr!/java.base" type="simple" />
            <root url="jrt://G:/IntelliJ IDEA 2019.2.1/jbr!/java.compiler" type="simple" />
            <root url="jrt://G:/IntelliJ IDEA 2019.2.1/jbr!/java.datatransfer" type="simple" />
            <root url="jrt://G:/IntelliJ IDEA 2019.2.1/jbr!/java.desktop" type="simple" />
            <root url="jrt://G:/IntelliJ IDEA 2019.2.1/jbr!/java.instrument" type="simple" />
            <root url="jrt://G:/IntelliJ IDEA 2019.2.1/jbr!/java.logging" type="simple" />
            <root url="jrt://G:/IntelliJ IDEA 2019.2.1/jbr!/java.management" type="simple" />
            <root url="jrt://G:/IntelliJ IDEA 2019.2.1/jbr!/java.management.rmi" type="simple" />
            <root url="jrt://G:/IntelliJ IDEA 2019.2.1/jbr!/java.naming" type="simple" />
            <root url="jrt://G:/IntelliJ IDEA 2019.2.1/jbr!/java.net.http" type="simple" />
            <root url="jrt://G:/IntelliJ IDEA 2019.2.1/jbr!/java.prefs" type="simple" />
            <root url="jrt://G:/IntelliJ IDEA 2019.2.1/jbr!/java.rmi" type="simple" />
            <root url="jrt://G:/IntelliJ IDEA 2019.2.1/jbr!/java.scripting" type="simple" />
            <root url="jrt://G:/IntelliJ IDEA 2019.2.1/jbr!/java.se" type="simple" />
            <root url="jrt://G:/IntelliJ IDEA 2019.2.1/jbr!/java.security.jgss" type="simple" />
            <root url="jrt://G:/IntelliJ IDEA 2019.2.1/jbr!/java.security.sasl" type="simple" />
            <root url="jrt://G:/IntelliJ IDEA 2019.2.1/jbr!/java.smartcardio" type="simple" />
            <root url="jrt://G:/IntelliJ IDEA 2019.2.1/jbr!/java.sql" type="simple" />
            <root url="jrt://G:/IntelliJ IDEA 2019.2.1/jbr!/java.sql.rowset" type="simple" />
            <root url="jrt://G:/IntelliJ IDEA 2019.2.1/jbr!/java.transaction.xa" type="simple" />
            <root url="jrt://G:/IntelliJ IDEA 2019.2.1/jbr!/java.xml" type="simple" />
            <root url="jrt://G:/IntelliJ IDEA 2019.2.1/jbr!/java.xml.crypto" type="simple" />
            <root url="jrt://G:/IntelliJ IDEA 2019.2.1/jbr!/javafx.base" type="simple" />
            <root url="jrt://G:/IntelliJ IDEA 2019.2.1/jbr!/javafx.controls" type="simple" />
            <root url="jrt://G:/IntelliJ IDEA 2019.2.1/jbr!/javafx.fxml" type="simple" />
            <root url="jrt://G:/IntelliJ IDEA 2019.2.1/jbr!/javafx.graphics" type="simple" />
            <root url="jrt://G:/IntelliJ IDEA 2019.2.1/jbr!/javafx.media" type="simple" />
            <root url="jrt://G:/IntelliJ IDEA 2019.2.1/jbr!/javafx.swing" type="simple" />
            <root url="jrt://G:/IntelliJ IDEA 2019.2.1/jbr!/javafx.web" type="simple" />
            <root url="jrt://G:/IntelliJ IDEA 2019.2.1/jbr!/jdk.accessibility" type="simple" />
            <root url="jrt://G:/IntelliJ IDEA 2019.2.1/jbr!/jdk.aot" type="simple" />
            <root url="jrt://G:/IntelliJ IDEA 2019.2.1/jbr!/jdk.attach" type="simple" />
            <root url="jrt://G:/IntelliJ IDEA 2019.2.1/jbr!/jdk.charsets" type="simple" />
            <root url="jrt://G:/IntelliJ IDEA 2019.2.1/jbr!/jdk.compiler" type="simple" />
            <root url="jrt://G:/IntelliJ IDEA 2019.2.1/jbr!/jdk.crypto.cryptoki" type="simple" />
            <root url="jrt://G:/IntelliJ IDEA 2019.2.1/jbr!/jdk.crypto.ec" type="simple" />
            <root url="jrt://G:/IntelliJ IDEA 2019.2.1/jbr!/jdk.dynalink" type="simple" />
            <root url="jrt://G:/IntelliJ IDEA 2019.2.1/jbr!/jdk.httpserver" type="simple" />
            <root url="jrt://G:/IntelliJ IDEA 2019.2.1/jbr!/jdk.internal.ed" type="simple" />
            <root url="jrt://G:/IntelliJ IDEA 2019.2.1/jbr!/jdk.internal.jvmstat" type="simple" />
            <root url="jrt://G:/IntelliJ IDEA 2019.2.1/jbr!/jdk.internal.le" type="simple" />
            <root url="jrt://G:/IntelliJ IDEA 2019.2.1/jbr!/jdk.internal.vm.ci" type="simple" />
            <root url="jrt://G:/IntelliJ IDEA 2019.2.1/jbr!/jdk.internal.vm.compiler" type="simple" />
            <root url="jrt://G:/IntelliJ IDEA 2019.2.1/jbr!/jdk.internal.vm.compiler.management" type="simple" />
            <root url="jrt://G:/IntelliJ IDEA 2019.2.1/jbr!/jdk.jdi" type="simple" />
            <root url="jrt://G:/IntelliJ IDEA 2019.2.1/jbr!/jdk.jdwp.agent" type="simple" />
            <root url="jrt://G:/IntelliJ IDEA 2019.2.1/jbr!/jdk.jfr" type="simple" />
            <root url="jrt://G:/IntelliJ IDEA 2019.2.1/jbr!/jdk.jsobject" type="simple" />
            <root url="jrt://G:/IntelliJ IDEA 2019.2.1/jbr!/jdk.localedata" type="simple" />
            <root url="jrt://G:/IntelliJ IDEA 2019.2.1/jbr!/jdk.management" type="simple" />
            <root url="jrt://G:/IntelliJ IDEA 2019.2.1/jbr!/jdk.management.agent" type="simple" />
            <root url="jrt://G:/IntelliJ IDEA 2019.2.1/jbr!/jdk.management.jfr" type="simple" />
            <root url="jrt://G:/IntelliJ IDEA 2019.2.1/jbr!/jdk.naming.dns" type="simple" />
            <root url="jrt://G:/IntelliJ IDEA 2019.2.1/jbr!/jdk.naming.rmi" type="simple" />
            <root url="jrt://G:/IntelliJ IDEA 2019.2.1/jbr!/jdk.net" type="simple" />
            <root url="jrt://G:/IntelliJ IDEA 2019.2.1/jbr!/jdk.pack" type="simple" />
            <root url="jrt://G:/IntelliJ IDEA 2019.2.1/jbr!/jdk.scripting.nashorn" type="simple" />
            <root url="jrt://G:/IntelliJ IDEA 2019.2.1/jbr!/jdk.scripting.nashorn.shell" type="simple" />
            <root url="jrt://G:/IntelliJ IDEA 2019.2.1/jbr!/jdk.sctp" type="simple" />
            <root url="jrt://G:/IntelliJ IDEA 2019.2.1/jbr!/jdk.security.auth" type="simple" />
            <root url="jrt://G:/IntelliJ IDEA 2019.2.1/jbr!/jdk.security.jgss" type="simple" />
            <root url="jrt://G:/IntelliJ IDEA 2019.2.1/jbr!/jdk.unsupported" type="simple" />
            <root url="jrt://G:/IntelliJ IDEA 2019.2.1/jbr!/jdk.xml.dom" type="simple" />
            <root url="jrt://G:/IntelliJ IDEA 2019.2.1/jbr!/jdk.zipfs" type="simple" />
          </root>
        </classPath>
        <javadocPath>
          <root type="composite" />
        </javadocPath>
        <sourcePath>
          <root type="composite" />
        </sourcePath>
      </roots>
      <additional />
    </jdk>
    <jdk version="2">
      <name value="12" />
      <type value="JavaSDK" />
      <version value="java version &quot;12.0.2&quot;" />
      <homePath value="G:/Java/jdk-12.0.2" />
      <roots>
        <annotationsPath>
          <root type="composite">
            <root url="jar://$APPLICATION_HOME_DIR$/plugins/java/lib/jdkAnnotations.jar!/" type="simple" />
          </root>
        </annotationsPath>
        <classPath>
          <root type="composite">
            <root url="jrt://G:/Java/jdk-12.0.2!/java.base" type="simple" />
            <root url="jrt://G:/Java/jdk-12.0.2!/java.compiler" type="simple" />
            <root url="jrt://G:/Java/jdk-12.0.2!/java.datatransfer" type="simple" />
            <root url="jrt://G:/Java/jdk-12.0.2!/java.desktop" type="simple" />
            <root url="jrt://G:/Java/jdk-12.0.2!/java.instrument" type="simple" />
            <root url="jrt://G:/Java/jdk-12.0.2!/java.logging" type="simple" />
            <root url="jrt://G:/Java/jdk-12.0.2!/java.management" type="simple" />
            <root url="jrt://G:/Java/jdk-12.0.2!/java.management.rmi" type="simple" />
            <root url="jrt://G:/Java/jdk-12.0.2!/java.naming" type="simple" />
            <root url="jrt://G:/Java/jdk-12.0.2!/java.net.http" type="simple" />
            <root url="jrt://G:/Java/jdk-12.0.2!/java.prefs" type="simple" />
            <root url="jrt://G:/Java/jdk-12.0.2!/java.rmi" type="simple" />
            <root url="jrt://G:/Java/jdk-12.0.2!/java.scripting" type="simple" />
            <root url="jrt://G:/Java/jdk-12.0.2!/java.se" type="simple" />
            <root url="jrt://G:/Java/jdk-12.0.2!/java.security.jgss" type="simple" />
            <root url="jrt://G:/Java/jdk-12.0.2!/java.security.sasl" type="simple" />
            <root url="jrt://G:/Java/jdk-12.0.2!/java.smartcardio" type="simple" />
            <root url="jrt://G:/Java/jdk-12.0.2!/java.sql" type="simple" />
            <root url="jrt://G:/Java/jdk-12.0.2!/java.sql.rowset" type="simple" />
            <root url="jrt://G:/Java/jdk-12.0.2!/java.transaction.xa" type="simple" />
            <root url="jrt://G:/Java/jdk-12.0.2!/java.xml" type="simple" />
            <root url="jrt://G:/Java/jdk-12.0.2!/java.xml.crypto" type="simple" />
            <root url="jrt://G:/Java/jdk-12.0.2!/jdk.accessibility" type="simple" />
            <root url="jrt://G:/Java/jdk-12.0.2!/jdk.aot" type="simple" />
            <root url="jrt://G:/Java/jdk-12.0.2!/jdk.attach" type="simple" />
            <root url="jrt://G:/Java/jdk-12.0.2!/jdk.charsets" type="simple" />
            <root url="jrt://G:/Java/jdk-12.0.2!/jdk.compiler" type="simple" />
            <root url="jrt://G:/Java/jdk-12.0.2!/jdk.crypto.cryptoki" type="simple" />
            <root url="jrt://G:/Java/jdk-12.0.2!/jdk.crypto.ec" type="simple" />
            <root url="jrt://G:/Java/jdk-12.0.2!/jdk.crypto.mscapi" type="simple" />
            <root url="jrt://G:/Java/jdk-12.0.2!/jdk.dynalink" type="simple" />
            <root url="jrt://G:/Java/jdk-12.0.2!/jdk.editpad" type="simple" />
            <root url="jrt://G:/Java/jdk-12.0.2!/jdk.hotspot.agent" type="simple" />
            <root url="jrt://G:/Java/jdk-12.0.2!/jdk.httpserver" type="simple" />
            <root url="jrt://G:/Java/jdk-12.0.2!/jdk.internal.ed" type="simple" />
            <root url="jrt://G:/Java/jdk-12.0.2!/jdk.internal.jvmstat" type="simple" />
            <root url="jrt://G:/Java/jdk-12.0.2!/jdk.internal.le" type="simple" />
            <root url="jrt://G:/Java/jdk-12.0.2!/jdk.internal.opt" type="simple" />
            <root url="jrt://G:/Java/jdk-12.0.2!/jdk.internal.vm.ci" type="simple" />
            <root url="jrt://G:/Java/jdk-12.0.2!/jdk.internal.vm.compiler" type="simple" />
            <root url="jrt://G:/Java/jdk-12.0.2!/jdk.internal.vm.compiler.management" type="simple" />
            <root url="jrt://G:/Java/jdk-12.0.2!/jdk.jartool" type="simple" />
            <root url="jrt://G:/Java/jdk-12.0.2!/jdk.javadoc" type="simple" />
            <root url="jrt://G:/Java/jdk-12.0.2!/jdk.jcmd" type="simple" />
            <root url="jrt://G:/Java/jdk-12.0.2!/jdk.jconsole" type="simple" />
            <root url="jrt://G:/Java/jdk-12.0.2!/jdk.jdeps" type="simple" />
            <root url="jrt://G:/Java/jdk-12.0.2!/jdk.jdi" type="simple" />
            <root url="jrt://G:/Java/jdk-12.0.2!/jdk.jdwp.agent" type="simple" />
            <root url="jrt://G:/Java/jdk-12.0.2!/jdk.jfr" type="simple" />
            <root url="jrt://G:/Java/jdk-12.0.2!/jdk.jlink" type="simple" />
            <root url="jrt://G:/Java/jdk-12.0.2!/jdk.jshell" type="simple" />
            <root url="jrt://G:/Java/jdk-12.0.2!/jdk.jsobject" type="simple" />
            <root url="jrt://G:/Java/jdk-12.0.2!/jdk.jstatd" type="simple" />
            <root url="jrt://G:/Java/jdk-12.0.2!/jdk.localedata" type="simple" />
            <root url="jrt://G:/Java/jdk-12.0.2!/jdk.management" type="simple" />
            <root url="jrt://G:/Java/jdk-12.0.2!/jdk.management.agent" type="simple" />
            <root url="jrt://G:/Java/jdk-12.0.2!/jdk.management.jfr" type="simple" />
            <root url="jrt://G:/Java/jdk-12.0.2!/jdk.naming.dns" type="simple" />
            <root url="jrt://G:/Java/jdk-12.0.2!/jdk.naming.rmi" type="simple" />
            <root url="jrt://G:/Java/jdk-12.0.2!/jdk.net" type="simple" />
            <root url="jrt://G:/Java/jdk-12.0.2!/jdk.pack" type="simple" />
            <root url="jrt://G:/Java/jdk-12.0.2!/jdk.rmic" type="simple" />
            <root url="jrt://G:/Java/jdk-12.0.2!/jdk.scripting.nashorn" type="simple" />
            <root url="jrt://G:/Java/jdk-12.0.2!/jdk.scripting.nashorn.shell" type="simple" />
            <root url="jrt://G:/Java/jdk-12.0.2!/jdk.sctp" type="simple" />
            <root url="jrt://G:/Java/jdk-12.0.2!/jdk.security.auth" type="simple" />
            <root url="jrt://G:/Java/jdk-12.0.2!/jdk.security.jgss" type="simple" />
            <root url="jrt://G:/Java/jdk-12.0.2!/jdk.unsupported" type="simple" />
            <root url="jrt://G:/Java/jdk-12.0.2!/jdk.unsupported.desktop" type="simple" />
            <root url="jrt://G:/Java/jdk-12.0.2!/jdk.xml.dom" type="simple" />
            <root url="jrt://G:/Java/jdk-12.0.2!/jdk.zipfs" type="simple" />
          </root>
        </classPath>
        <javadocPath>
          <root type="composite" />
        </javadocPath>
        <sourcePath>
          <root type="composite">
            <root url="jar://G:/Java/jdk-12.0.2/lib/src.zip!/java.se" type="simple" />
            <root url="jar://G:/Java/jdk-12.0.2/lib/src.zip!/jdk.aot" type="simple" />
            <root url="jar://G:/Java/jdk-12.0.2/lib/src.zip!/jdk.jdi" type="simple" />
            <root url="jar://G:/Java/jdk-12.0.2/lib/src.zip!/jdk.jfr" type="simple" />
            <root url="jar://G:/Java/jdk-12.0.2/lib/src.zip!/jdk.net" type="simple" />
            <root url="jar://G:/Java/jdk-12.0.2/lib/src.zip!/java.rmi" type="simple" />
            <root url="jar://G:/Java/jdk-12.0.2/lib/src.zip!/java.sql" type="simple" />
            <root url="jar://G:/Java/jdk-12.0.2/lib/src.zip!/java.xml" type="simple" />
            <root url="jar://G:/Java/jdk-12.0.2/lib/src.zip!/jdk.jcmd" type="simple" />
            <root url="jar://G:/Java/jdk-12.0.2/lib/src.zip!/jdk.pack" type="simple" />
            <root url="jar://G:/Java/jdk-12.0.2/lib/src.zip!/jdk.rmic" type="simple" />
            <root url="jar://G:/Java/jdk-12.0.2/lib/src.zip!/jdk.sctp" type="simple" />
            <root url="jar://G:/Java/jdk-12.0.2/lib/src.zip!/java.base" type="simple" />
            <root url="jar://G:/Java/jdk-12.0.2/lib/src.zip!/jdk.jdeps" type="simple" />
            <root url="jar://G:/Java/jdk-12.0.2/lib/src.zip!/jdk.jlink" type="simple" />
            <root url="jar://G:/Java/jdk-12.0.2/lib/src.zip!/jdk.zipfs" type="simple" />
            <root url="jar://G:/Java/jdk-12.0.2/lib/src.zip!/java.prefs" type="simple" />
            <root url="jar://G:/Java/jdk-12.0.2/lib/src.zip!/jdk.attach" type="simple" />
            <root url="jar://G:/Java/jdk-12.0.2/lib/src.zip!/jdk.jshell" type="simple" />
            <root url="jar://G:/Java/jdk-12.0.2/lib/src.zip!/jdk.jstatd" type="simple" />
            <root url="jar://G:/Java/jdk-12.0.2/lib/src.zip!/java.naming" type="simple" />
            <root url="jar://G:/Java/jdk-12.0.2/lib/src.zip!/jdk.editpad" type="simple" />
            <root url="jar://G:/Java/jdk-12.0.2/lib/src.zip!/jdk.jartool" type="simple" />
            <root url="jar://G:/Java/jdk-12.0.2/lib/src.zip!/jdk.javadoc" type="simple" />
            <root url="jar://G:/Java/jdk-12.0.2/lib/src.zip!/jdk.xml.dom" type="simple" />
            <root url="jar://G:/Java/jdk-12.0.2/lib/src.zip!/java.desktop" type="simple" />
            <root url="jar://G:/Java/jdk-12.0.2/lib/src.zip!/java.logging" type="simple" />
            <root url="jar://G:/Java/jdk-12.0.2/lib/src.zip!/jdk.charsets" type="simple" />
            <root url="jar://G:/Java/jdk-12.0.2/lib/src.zip!/jdk.compiler" type="simple" />
            <root url="jar://G:/Java/jdk-12.0.2/lib/src.zip!/jdk.dynalink" type="simple" />
            <root url="jar://G:/Java/jdk-12.0.2/lib/src.zip!/jdk.jconsole" type="simple" />
            <root url="jar://G:/Java/jdk-12.0.2/lib/src.zip!/jdk.jsobject" type="simple" />
            <root url="jar://G:/Java/jdk-12.0.2/lib/src.zip!/java.compiler" type="simple" />
            <root url="jar://G:/Java/jdk-12.0.2/lib/src.zip!/java.net.http" type="simple" />
            <root url="jar://G:/Java/jdk-12.0.2/lib/src.zip!/jdk.crypto.ec" type="simple" />
            <root url="jar://G:/Java/jdk-12.0.2/lib/src.zip!/java.scripting" type="simple" />
            <root url="jar://G:/Java/jdk-12.0.2/lib/src.zip!/jdk.httpserver" type="simple" />
            <root url="jar://G:/Java/jdk-12.0.2/lib/src.zip!/jdk.jdwp.agent" type="simple" />
            <root url="jar://G:/Java/jdk-12.0.2/lib/src.zip!/jdk.localedata" type="simple" />
            <root url="jar://G:/Java/jdk-12.0.2/lib/src.zip!/jdk.management" type="simple" />
            <root url="jar://G:/Java/jdk-12.0.2/lib/src.zip!/jdk.naming.dns" type="simple" />
            <root url="jar://G:/Java/jdk-12.0.2/lib/src.zip!/jdk.naming.rmi" type="simple" />
            <root url="jar://G:/Java/jdk-12.0.2/lib/src.zip!/java.instrument" type="simple" />
            <root url="jar://G:/Java/jdk-12.0.2/lib/src.zip!/java.management" type="simple" />
            <root url="jar://G:/Java/jdk-12.0.2/lib/src.zip!/java.sql.rowset" type="simple" />
            <root url="jar://G:/Java/jdk-12.0.2/lib/src.zip!/java.xml.crypto" type="simple" />
            <root url="jar://G:/Java/jdk-12.0.2/lib/src.zip!/jdk.internal.ed" type="simple" />
            <root url="jar://G:/Java/jdk-12.0.2/lib/src.zip!/jdk.internal.le" type="simple" />
            <root url="jar://G:/Java/jdk-12.0.2/lib/src.zip!/jdk.unsupported" type="simple" />
            <root url="jar://G:/Java/jdk-12.0.2/lib/src.zip!/java.smartcardio" type="simple" />
            <root url="jar://G:/Java/jdk-12.0.2/lib/src.zip!/jdk.internal.opt" type="simple" />
            <root url="jar://G:/Java/jdk-12.0.2/lib/src.zip!/java.datatransfer" type="simple" />
            <root url="jar://G:/Java/jdk-12.0.2/lib/src.zip!/jdk.accessibility" type="simple" />
            <root url="jar://G:/Java/jdk-12.0.2/lib/src.zip!/jdk.crypto.mscapi" type="simple" />
            <root url="jar://G:/Java/jdk-12.0.2/lib/src.zip!/jdk.hotspot.agent" type="simple" />
            <root url="jar://G:/Java/jdk-12.0.2/lib/src.zip!/jdk.security.auth" type="simple" />
            <root url="jar://G:/Java/jdk-12.0.2/lib/src.zip!/jdk.security.jgss" type="simple" />
            <root url="jar://G:/Java/jdk-12.0.2/lib/src.zip!/java.security.jgss" type="simple" />
            <root url="jar://G:/Java/jdk-12.0.2/lib/src.zip!/java.security.sasl" type="simple" />
            <root url="jar://G:/Java/jdk-12.0.2/lib/src.zip!/jdk.internal.vm.ci" type="simple" />
            <root url="jar://G:/Java/jdk-12.0.2/lib/src.zip!/jdk.management.jfr" type="simple" />
            <root url="jar://G:/Java/jdk-12.0.2/lib/src.zip!/java.management.rmi" type="simple" />
            <root url="jar://G:/Java/jdk-12.0.2/lib/src.zip!/java.transaction.xa" type="simple" />
            <root url="jar://G:/Java/jdk-12.0.2/lib/src.zip!/jdk.crypto.cryptoki" type="simple" />
            <root url="jar://G:/Java/jdk-12.0.2/lib/src.zip!/jdk.internal.jvmstat" type="simple" />
            <root url="jar://G:/Java/jdk-12.0.2/lib/src.zip!/jdk.management.agent" type="simple" />
            <root url="jar://G:/Java/jdk-12.0.2/lib/src.zip!/jdk.scripting.nashorn" type="simple" />
            <root url="jar://G:/Java/jdk-12.0.2/lib/src.zip!/jdk.unsupported.desktop" type="simple" />
            <root url="jar://G:/Java/jdk-12.0.2/lib/src.zip!/jdk.internal.vm.compiler" type="simple" />
            <root url="jar://G:/Java/jdk-12.0.2/lib/src.zip!/jdk.scripting.nashorn.shell" type="simple" />
            <root url="jar://G:/Java/jdk-12.0.2/lib/src.zip!/jdk.internal.vm.compiler.management" type="simple" />
          </root>
        </sourcePath>
      </roots>
      <additional />
    </jdk>
    <jdk version="2">
      <name value="1.8" />
      <type value="JavaSDK" />
      <version value="java version &quot;1.8.0_181&quot;" />
      <homePath value="G:/Java/jdk1.8.0_181" />
      <roots>
        <annotationsPath>
          <root type="composite">
            <root url="jar://$APPLICATION_HOME_DIR$/plugins/java/lib/jdkAnnotations.jar!/" type="simple" />
          </root>
        </annotationsPath>
        <classPath>
          <root type="composite">
            <root url="jar://G:/Java/jdk1.8.0_181/jre/lib/charsets.jar!/" type="simple" />
            <root url="jar://G:/Java/jdk1.8.0_181/jre/lib/deploy.jar!/" type="simple" />
            <root url="jar://G:/Java/jdk1.8.0_181/jre/lib/ext/access-bridge-64.jar!/" type="simple" />
            <root url="jar://G:/Java/jdk1.8.0_181/jre/lib/ext/cldrdata.jar!/" type="simple" />
            <root url="jar://G:/Java/jdk1.8.0_181/jre/lib/ext/dnsns.jar!/" type="simple" />
            <root url="jar://G:/Java/jdk1.8.0_181/jre/lib/ext/jaccess.jar!/" type="simple" />
            <root url="jar://G:/Java/jdk1.8.0_181/jre/lib/ext/jfxrt.jar!/" type="simple" />
            <root url="jar://G:/Java/jdk1.8.0_181/jre/lib/ext/localedata.jar!/" type="simple" />
            <root url="jar://G:/Java/jdk1.8.0_181/jre/lib/ext/nashorn.jar!/" type="simple" />
            <root url="jar://G:/Java/jdk1.8.0_181/jre/lib/ext/sunec.jar!/" type="simple" />
            <root url="jar://G:/Java/jdk1.8.0_181/jre/lib/ext/sunjce_provider.jar!/" type="simple" />
            <root url="jar://G:/Java/jdk1.8.0_181/jre/lib/ext/sunmscapi.jar!/" type="simple" />
            <root url="jar://G:/Java/jdk1.8.0_181/jre/lib/ext/sunpkcs11.jar!/" type="simple" />
            <root url="jar://G:/Java/jdk1.8.0_181/jre/lib/ext/zipfs.jar!/" type="simple" />
            <root url="jar://G:/Java/jdk1.8.0_181/jre/lib/javaws.jar!/" type="simple" />
            <root url="jar://G:/Java/jdk1.8.0_181/jre/lib/jce.jar!/" type="simple" />
            <root url="jar://G:/Java/jdk1.8.0_181/jre/lib/jfr.jar!/" type="simple" />
            <root url="jar://G:/Java/jdk1.8.0_181/jre/lib/jfxswt.jar!/" type="simple" />
            <root url="jar://G:/Java/jdk1.8.0_181/jre/lib/jsse.jar!/" type="simple" />
            <root url="jar://G:/Java/jdk1.8.0_181/jre/lib/management-agent.jar!/" type="simple" />
            <root url="jar://G:/Java/jdk1.8.0_181/jre/lib/plugin.jar!/" type="simple" />
            <root url="jar://G:/Java/jdk1.8.0_181/jre/lib/resources.jar!/" type="simple" />
            <root url="jar://G:/Java/jdk1.8.0_181/jre/lib/rt.jar!/" type="simple" />
          </root>
        </classPath>
        <javadocPath>
          <root type="composite" />
        </javadocPath>
        <sourcePath>
          <root type="composite">
            <root url="jar://G:/Java/jdk1.8.0_181/src.zip!/" type="simple" />
            <root url="jar://G:/Java/jdk1.8.0_181/javafx-src.zip!/" type="simple" />
          </root>
        </sourcePath>
      </roots>
      <additional />
    </jdk>
  </component>
</application>